{
<<<<<<< HEAD
    "rmse": 0.7146559814248805,
    "mae": 0.5689064517473159,
    "r2": 0.22990837414398602
=======
    "rmse": 0.6828180409876637,
    "mae": 0.5352172785180987,
    "r2": 0.2069413145748027
>>>>>>> 4286e3ba86f1203d9507d357bf8e4e074ec06820
}