{
    "rmse": 0.7146559814248805,
    "mae": 0.5689064517473159,
    "r2": 0.22990837414398602
}