{
    "rmse": 0.6828180409876637,
    "mae": 0.5352172785180987,
    "r2": 0.2069413145748027
}